id;version;name;dbid
1;Director Account Market;Small redundant;Producer
2;pricing deposit;installation;Cliff Human Delaware
3;Optimization connect Village;Wooden embrace;Synergistic Brand partnerships
4;deposit Djibouti;Programmable;Unbranded
5;Egypt eyeballs generating;Common withdrawal;composite
6;intermediate responsive Connecticut;Home;calculating Gloves Intelligent
7;Quality-focused methodologies;redundant;Intelligent service-desk
8;Profound;GB;Berkshire
9;Small customized;Account panel Synergistic;system well-modulated
10;synthesizing quantifying;Kazakhstan Avon;Falkland Response International
